{
  "resolution": {
    "width": 1280.0,
    "height": 720.0
  },
  "cameraIntrinsics": {
    "rows": 3,
    "cols": 3,
    "type": 6,
    "data": [
      906.6750240220739,
      0.0,
      609.6742603923343,
      0.0,
      907.2956210034588,
      345.8195708175299,
      0.0,
      0.0,
      1.0
    ]
  },
  "distCoeffs": {
    "rows": 1,
    "cols": 5,
    "type": 6,
    "data": [
      0.06737319832550921,
      -0.11720859005415489,
      -2.924859312837308E-4,
      -4.4328391090837736E-4,
      0.04982773390188632
    ]
  },
  "calobjectWarp": [],
  "observations": [],
  "calobjectSize": {
    "width": 0.0,
    "height": 0.0
  },
  "calobjectSpacing": 0.0,
  "lensmodel": "LENSMODEL_OPENCV"
}
